<?xml version="1.0" encoding="UTF-8"?>
<project-private xmlns="http://www.netbeans.org/ns/project-private/1">
    <editor-bookmarks xmlns="http://www.netbeans.org/ns/editor-bookmarks/2" lastBookmarkId="0"/>
    <open-files xmlns="http://www.netbeans.org/ns/projectui-open-files/2">
        <group>
            <file>file:/C:/Users/podes/OneDrive%20-%20UFN%20-%20Universidade%20Franciscana/Documents/GitHub/Projeto-Restaurante/TrabRestaurante/src/trabrestaurante/Cardapio.java</file>
            <file>file:/C:/Users/podes/OneDrive%20-%20UFN%20-%20Universidade%20Franciscana/Documents/GitHub/Projeto-Restaurante/TrabRestaurante/src/trabrestaurante/Carrinho.java</file>
            <file>file:/C:/Users/podes/OneDrive%20-%20UFN%20-%20Universidade%20Franciscana/Documents/GitHub/Projeto-Restaurante/TrabRestaurante/src/dao/ProdutoDao.java</file>
            <file>file:/C:/Users/podes/OneDrive%20-%20UFN%20-%20Universidade%20Franciscana/Documents/GitHub/Projeto-Restaurante/TrabRestaurante/src/modelo/Produto.java</file>
            <file>file:/C:/Users/podes/OneDrive%20-%20UFN%20-%20Universidade%20Franciscana/Documents/GitHub/Projeto-Restaurante/TrabRestaurante/src/conexao/Conexao.java</file>
            <file>file:/C:/Users/podes/OneDrive%20-%20UFN%20-%20Universidade%20Franciscana/Documents/GitHub/Projeto-Restaurante/TrabRestaurante/src/trabrestaurante/Pedidos.java</file>
            <file>file:/C:/Users/podes/OneDrive%20-%20UFN%20-%20Universidade%20Franciscana/Documents/GitHub/Projeto-Restaurante/TrabRestaurante/src/dao/PedidoDao.java</file>
            <file>file:/C:/Users/podes/OneDrive%20-%20UFN%20-%20Universidade%20Franciscana/Documents/GitHub/Projeto-Restaurante/TrabRestaurante/src/dao/ServidorPedido.java</file>
        </group>
    </open-files>
</project-private>
